veevaid,first_name,last_name,brick_id
V01A00000000000001,John,Smith,2024_q3_us_on_1111111
V01A00000000000002,Jane,Doe,2024_q3_us_on_1111111
V01A00000000000003,Peter,Jones,2024_q3_us_on_1111111
V01A00000000000004,Mary,Williams,2024_q3_us_on_1111111
V01A00000000000005,David,Brown,2024_q3_us_on_1111111
V01A00000000000006,Susan,Miller,2024_q3_us_on_2222222
V01A00000000000007,Robert,Davis,2024_q3_us_on_2222222
V01A00000000000008,Linda,Garcia,2024_q3_us_on_2222222
V01A00000000000009,Michael,Rodriguez,2024_q3_us_on_2222222
V01A00000000000010,Karen,Wilson,2024_q3_us_on_2222222
V01A00000000000011,John,Smith,2024_q3_us_on_3333333
V01A00000000000012,Jane,Doe,2024_q3_us_on_3333333
V01A00000000000013,Peter,Jones,2024_q3_us_on_3333333
V01A00000000000014,Mary,Williams,2024_q3_us_on_3333333
V01A00000000000015,David,Brown,2024_q3_us_on_3333333
V01A00000000000016,Susan,Miller,2024_q3_us_on_4444444
V01A00000000000017,Robert,Davis,2024_q3_us_on_4444444
V01A00000000000018,Linda,Garcia,2024_q3_us_on_4444444
V01A00000000000019,Michael,Rodriguez,2024_q3_us_on_4444444
V01A00000000000020,Karen,Wilson,2024_q3_us_on_4444444
V01A00000000000021,John,Smith,2024_q3_us_on_5555555
V01A00000000000022,Jane,Doe,2024_q3_us_on_5555555
V01A00000000000023,Peter,Jones,2024_q3_us_on_5555555
V01A00000000000024,Mary,Williams,2024_q3_us_on_5555555
V01A00000000000025,David,Brown,2024_q3_us_on_5555555
V01A00000000000026,Susan,Miller,2024_q3_us_on_6666666
V01A00000000000027,Robert,Davis,2024_q3_us_on_6666666
V01A00000000000028,Linda,Garcia,2024_q3_us_on_6666666
V01A00000000000029,Michael,Rodriguez,2024_q3_us_on_6666666
V01A00000000000030,Karen,Wilson,2024_q3_us_on_6666666
V01A00000000000031,John,Smith,2024_q3_us_on_7777777
V01A00000000000032,Jane,Doe,2024_q3_us_on_7777777
V01A00000000000033,Peter,Jones,2024_q3_us_on_7777777
V01A00000000000034,Mary,Williams,2024_q3_us_on_7777777
V01A00000000000035,David,Brown,2024_q3_us_on_7777777
V01A00000000000036,Susan,Miller,2024_q3_us_on_8888888
V01A00000000000037,Robert,Davis,2024_q3_us_on_8888888
V01A00000000000038,Linda,Garcia,2024_q3_us_on_8888888
V01A00000000000039,Michael,Rodriguez,2024_q3_us_on_8888888
V01A00000000000040,Karen,Wilson,2024_q3_us_on_8888888
V01A00000000000041,John,Smith,2024_q3_us_on_9999999
V01A00000000000042,Jane,Doe,2024_q3_us_on_9999999
V01A00000000000043,Peter,Jones,2024_q3_us_on_9999999
V01A00000000000044,Mary,Williams,2024_q3_us_on_9999999
V01A00000000000045,David,Brown,2024_q3_us_on_9999999
V01A00000000000046,Susan,Miller,2024_q3_us_on_10101010
V01A00000000000047,Robert,Davis,2024_q3_us_on_10101010
V01A00000000000048,Linda,Garcia,2024_q3_us_on_10101010
V01A00000000000049,Michael,Rodriguez,2024_q3_us_on_10101010
V01A00000000000050,Karen,Wilson,2024_q3_us_on_10101010
V01A00000000000051,John,Smith,2024_q3_us_on_11111111
V01A00000000000052,Jane,Doe,2024_q3_us_on_11111111
V01A00000000000053,Peter,Jones,2024_q3_us_on_11111111
V01A00000000000054,Mary,Williams,2024_q3_us_on_11111111
V01A00000000000055,David,Brown,2024_q3_us_on_11111111
V01A00000000000056,Susan,Miller,2024_q3_us_on_12222222
V01A00000000000057,Robert,Davis,2024_q3_us_on_12222222
V01A00000000000058,Linda,Garcia,2024_q3_us_on_12222222
V01A00000000000059,Michael,Rodriguez,2024_q3_us_on_12222222
V01A00000000000060,Karen,Wilson,2024_q3_us_on_12222222
V01A00000000000061,John,Smith,2024_q3_us_on_13333333
V01A00000000000062,Jane,Doe,2024_q3_us_on_13333333
V01A00000000000063,Peter,Jones,2024_q3_us_on_13333333
V01A00000000000064,Mary,Williams,2024_q3_us_on_13333333
V01A00000000000065,David,Brown,2024_q3_us_on_13333333
V01A00000000000066,Susan,Miller,2024_q3_us_on_14444444
V01A00000000000067,Robert,Davis,2024_q3_us_on_14444444
V01A00000000000068,Linda,Garcia,2024_q3_us_on_14444444
V01A00000000000069,Michael,Rodriguez,2024_q3_us_on_14444444
V01A00000000000070,Karen,Wilson,2024_q3_us_on_14444444
V01A00000000000071,John,Smith,2024_q3_us_on_15555555
V01A00000000000072,Jane,Doe,2024_q3_us_on_15555555
V01A00000000000073,Peter,Jones,2024_q3_us_on_15555555
V01A00000000000074,Mary,Williams,2024_q3_us_on_15555555
V01A00000000000075,David,Brown,2024_q3_us_on_15555555
V01A00000000000076,Susan,Miller,2024_q3_us_on_16666666
V01A00000000000077,Robert,Davis,2024_q3_us_on_16666666
V01A00000000000078,Linda,Garcia,2024_q3_us_on_16666666
V01A00000000000079,Michael,Rodriguez,2024_q3_us_on_16666666
V01A00000000000080,Karen,Wilson,2024_q3_us_on_16666666
V01A00000000000081,John,Smith,2024_q3_us_on_17777777
V01A00000000000082,Jane,Doe,2024_q3_us_on_17777777
V01A00000000000083,Peter,Jones,2024_q3_us_on_17777777
V01A00000000000084,Mary,Williams,2024_q3_us_on_17777777
V01A00000000000085,David,Brown,2024_q3_us_on_17777777
V01A00000000000086,Susan,Miller,2024_q3_us_on_18888888
V01A00000000000087,Robert,Davis,2024_q3_us_on_18888888
V01A00000000000088,Linda,Garcia,2024_q3_us_on_18888888
V01A00000000000089,Michael,Rodriguez,2024_q3_us_on_18888888
V01A00000000000090,Karen,Wilson,2024_q3_us_on_18888888
V01A00000000000091,John,Smith,2024_q3_us_on_19999999
V01A00000000000092,Jane,Doe,2024_q3_us_on_19999999
V01A00000000000093,Peter,Jones,2024_q3_us_on_19999999
V01A00000000000094,Mary,Williams,2024_q3_us_on_19999999
V01A00000000000095,David,Brown,2024_q3_us_on_19999999
V01A00000000000096,Susan,Miller,2024_q3_us_on_20111111
V01A00000000000097,Robert,Davis,2024_q3_us_on_20111111
V01A00000000000098,Linda,Garcia,2024_q3_us_on_20111111
V01A00000000000099,Michael,Rodriguez,2024_q3_us_on_20111111
V01A00000000000100,Karen,Wilson,2024_q3_us_on_20111111
V01A00000000000101,John,Smith,2024_q3_us_on_21222222
V01A00000000000102,Jane,Doe,2024_q3_us_on_21222222
V01A00000000000103,Peter,Jones,2024_q3_us_on_21222222
V01A00000000000104,Mary,Williams,2024_q3_us_on_21222222
V01A00000000000105,David,Brown,2024_q3_us_on_21222222
